{
  "params": [
    -77.54041070153163,
    61.75990635475319,
    -80.24606212203625,
    21.17190534986277,
    65.43747545218962,
    140.6533106153009,
    63.186437460292815,
    149.0200498860159,
    -0.003895234656631307,
    2.6024546533576385,
    -0.003915544842351021,
    -0.03557340586099958
  ],
  "fk_branch": 1,
  "elbow_br": [
    1,
    -1
  ],
  "zplane": [
    -6.475006475006504e-05,
    0.01106106106106104,
    2.3122423402423404
  ],
  "rms_mm": 0.4162087116629205
}