{
  "labware": "eppendorf_twintec_lobind_96_pcr",
  "reference_points": [
    {
      "well": "B1",
      "robot": [
        -15574.0,
        6151.0,
        0.0
      ]
    },
    {
      "well": "C1",
      "robot": [
        -14611.0,
        7504.0,
        0.0
      ]
    },
    {
      "well": "C2",
      "robot": [
        -12974.0,
        5995.0,
        0.0
      ]
    },
    {
      "well": "D1",
      "robot": [
        -13578.0,
        8904.0,
        0.0
      ]
    }
  ],
  "well_overrides": {},
  "z_safe_mm": 12.0,
  "z_clearance_mm": 5.0,
  "axis_sign_x": 1.0,
  "axis_sign_y": 1.0,
  "fit": {
    "model_x": [
      179.29629629628118,
      -110.88888888888455,
      -10929.5562962963
    ],
    "model_y": [
      -169.40740740738062,
      -152.94444444445196,
      18557.340740740732
    ],
    "model_z": [
      0.0,
      0.0,
      0.0
    ],
    "rms_error_mm": 17.210704033633228
  }
}