{
  "labware": "eppendorf_twintec_lobind_96_pcr",
  "reference_points": [
    {
      "well": "A1",
      "robot": [
        -16206.0,
        4649.0,
        0.0
      ]
    },
    {
      "well": "A2",
      "robot": [
        -14350.0,
        3625.0,
        0.0
      ]
    },
    {
      "well": "A3",
      "robot": [
        -12814.0,
        2633.0,
        0.0
      ]
    }
  ],
  "well_overrides": {},
  "z_safe_mm": 12.0,
  "z_clearance_mm": 5.0,
  "axis_sign_x": 1.0,
  "axis_sign_y": 1.0,
  "fit": {
    "model_x": [
      188.4444444444448,
      -254.028502931591,
      -3.4217201364707837
    ],
    "model_y": [
      -111.99999999999997,
      84.22807285893504,
      1.1345376193283274
    ],
    "model_z": [
      0.0,
      0.0,
      0.0
    ],
    "rms_error_mm": 75.80090881894431
  }
}