{
  "params": [
    -82.87511125697596,
    65.01868558645342,
    -77.3759719748645,
    23.915940377685516,
    64.70863910162933,
    145.59373439854093,
    63.306897523507665,
    145.62079926862648,
    -0.003963675712702735,
    2.6024909688994087,
    -0.003887276512631106,
    -0.0508485951268484
  ],
  "fk_branch": 1,
  "elbow_br": [
    1,
    -1
  ],
  "zplane": [
    -0.00036353632415650055,
    0.000894102851303818,
    0.38387686926447795
  ],
  "rms_mm": 0.21303196369228775
}