{
  "labware": "eppendorf_twintec_lobind_96_pcr",
  "reference_points": [
    {
      "well": "F4",
      "robot": [
        -8206.0,
        6025.0,
        0.0
      ]
    },
    {
      "well": "C9",
      "robot": [
        -5358.0,
        -1239.0,
        0.0
      ]
    }
  ],
  "well_overrides": {},
  "z_safe_mm": 12.0,
  "z_clearance_mm": 5.0,
  "axis_sign_x": 1.0,
  "axis_sign_y": 1.0,
  "fit": {
    "model_x": [
      -24.679738562091522,
      146.6143790849673,
      -11471.756862745096
    ],
    "model_y": [
      -146.6143790849673,
      -24.679738562091522,
      12813.538562091504
    ],
    "model_z": [
      0.0,
      0.0,
      0.0
    ],
    "rms_error_mm": 1.2862197421537486e-12
  }
}